{"initial_reset_timestamp": 1602637355.8351634, "timestamps": [1602637355.8957067, 1602637355.939589, 1602637355.9854672, 1602637356.0323412, 1602637356.079231, 1602637356.123113, 1602637356.1729803, 1602637356.2138705, 1602637356.2577536, 1602637356.298644, 1602637356.3455186, 1602637356.3884041, 1602637356.4402647, 1602637356.4841475, 1602637356.534014, 1602637356.5768993, 1602637356.6147978, 1602637356.6606755, 1602637356.7065525, 1602637356.7494378, 1602637356.7853415, 1602637356.8202486, 1602637356.860142, 1602637356.9169903, 1602637356.9681294, 1602637357.0191724, 1602637357.0695982, 1602637357.1201067, 1602637357.1673667, 1602637357.2005923, 1602637357.2488945, 1602637357.299492, 1602637357.3419077, 1602637357.3922248, 1602637357.4421923, 1602637357.4461823, 1602637357.4970462, 1602637357.54791, 1602637357.5899637, 1602637357.6322644, 1602637357.6706622, 1602637357.7028794, 1602637357.7432656, 1602637357.7836351, 1602637357.832011, 1602637357.8870833, 1602637357.939942, 1602637357.9878144, 1602637358.0306988, 1602637358.068598, 1602637358.1150017, 1602637358.1598818, 1602637358.2047613, 1602637358.261609, 1602637358.3164623, 1602637358.367327, 1602637358.4171927, 1602637358.460078, 1602637358.5029643, 1602637358.5418606, 1602637358.5897474, 1602637358.6306388, 1602637358.672527, 1602637358.7174056, 1602637358.7523127, 1602637358.8021917, 1602637358.8480692, 1602637358.9038658, 1602637358.9467506, 1602637358.9986117, 1602637359.042495, 1602637359.0884063, 1602637359.1292963, 1602637359.1661973, 1602637359.206091, 1602637359.2479925, 1602637359.2958639, 1602637359.3357577, 1602637359.3736565, 1602637359.4245203, 1602637359.4694145, 1602637359.5122998, 1602637359.5581772, 1602637359.6120336, 1602637359.6658924, 1602637359.7207425, 1602637359.7696118, 1602637359.816486, 1602637359.8683486, 1602637359.9162192, 1602637359.9591227, 1602637359.9960237, 1602637360.0319276, 1602637360.0698261, 1602637360.1167016, 1602637360.1625934, 1602637360.2154515, 1602637360.2603316, 1602637360.3062093, 1602637360.3620603], "episode_lengths": [189, 180, 189, 183, 183, 184, 190, 189, 187, 186, 193, 191, 186, 188, 184, 186, 187, 186, 186, 186, 187, 183, 192, 196, 196, 199, 189, 186, 187, 188, 189, 186, 185, 188, 196, 12, 187, 192, 188, 191, 184, 184, 190, 193, 193, 190, 193, 189, 182, 187, 188, 185, 189, 195, 193, 191, 189, 184, 185, 189, 186, 190, 189, 182, 190, 193, 186, 187, 187, 194, 191, 196, 188, 188, 190, 190, 197, 187, 192, 183, 189, 191, 188, 189, 186, 183, 187, 186, 190, 192, 197, 188, 186, 179, 190, 185, 195, 192, 190, 189], "episode_rewards": [189.0, 180.0, 189.0, 183.0, 183.0, 184.0, 190.0, 189.0, 187.0, 186.0, 193.0, 191.0, 186.0, 188.0, 184.0, 186.0, 187.0, 186.0, 186.0, 186.0, 187.0, 183.0, 192.0, 196.0, 196.0, 199.0, 189.0, 186.0, 187.0, 188.0, 189.0, 186.0, 185.0, 188.0, 196.0, 12.0, 187.0, 192.0, 188.0, 191.0, 184.0, 184.0, 190.0, 193.0, 193.0, 190.0, 193.0, 189.0, 182.0, 187.0, 188.0, 185.0, 189.0, 195.0, 193.0, 191.0, 189.0, 184.0, 185.0, 189.0, 186.0, 190.0, 189.0, 182.0, 190.0, 193.0, 186.0, 187.0, 187.0, 194.0, 191.0, 196.0, 188.0, 188.0, 190.0, 190.0, 197.0, 187.0, 192.0, 183.0, 189.0, 191.0, 188.0, 189.0, 186.0, 183.0, 187.0, 186.0, 190.0, 192.0, 197.0, 188.0, 186.0, 179.0, 190.0, 185.0, 195.0, 192.0, 190.0, 189.0], "episode_types": ["t", "t", "t", "t", "t", "t", "t", "t", "t", "t", "t", "t", "t", "t", "t", "t", "t", "t", "t", "t", "t", "t", "t", "t", "t", "t", "t", "t", "t", "t", "t", "t", "t", "t", "t", "t", "t", "t", "t", "t", "t", "t", "t", "t", "t", "t", "t", "t", "t", "t", "t", "t", "t", "t", "t", "t", "t", "t", "t", "t", "t", "t", "t", "t", "t", "t", "t", "t", "t", "t", "t", "t", "t", "t", "t", "t", "t", "t", "t", "t", "t", "t", "t", "t", "t", "t", "t", "t", "t", "t", "t", "t", "t", "t", "t", "t", "t", "t", "t", "t"]}